ID,	姓（漢字）,	名（漢字）,	姓（ひらがな）,	名（ひらがな）,	経歴,	HP,	Twitter,	YouTube,	Facebook,	その他SNS等
1,逢沢,一郎,あいさわ,いちろう,,,,,,
2,青柳,仁士,あおやぎ,ひとし,,,,,,
3,青柳,陽一郎,あおやぎ,よういちろう,,,,,,
4,青山,周平,あおやま,しゅうへい,,,,,,
5,青山,大人,あおやま,やまと,,,,,,
6,赤木,正幸,あかぎ,まさゆき,,,,,,
7,赤澤,亮正,あかざわ,りょうせい,,,,,,
8,赤羽,一嘉,あかば,かずよし,,,,,,
9,あかま,二郎,あかま,じろう,,,,,,
10,赤嶺,政賢,あかみね,せいけん,,,,,,
11,秋葉,賢也,あきば,けんや,,,,,,
12,秋本,真利,あきもと,まさとし,,,,,,
13,浅川,義治,あさかわ,よしはる,,,,,,
14,浅野,哲,あさの,さとし,,,,,,
15,東,国幹,あずま,くによし,,,,,,
16,安住,淳,あずみ,じゅん,,,,,,
17,畦元,将吾,あぜもと,しょうご,,,,,,
18,麻生,太郎,あそう,たろう,,,,,,
19,足立,康史,あだち,やすし,,,,,,
20,安倍,晋三,あべ,しんぞう,,,,,,
21,阿部,司,あべ,つかさ,,,,,,
22,あべ,俊子,あべ,としこ,,,,,,
23,阿部,知子,あべ,ともこ,,,,,,
24,阿部,弘樹,あべ,ひろき,,,,,,
25,甘利,明,あまり,あきら,,,,,,
26,荒井,優,あらい,ゆたか,,,,,,
27,新垣,邦男,あらかき,くにお,,,,,,
28,五十嵐,清,いがらし,きよし,,,,,,
29,池下,卓,いけした,たく,,,,,,
30,池田,佳隆,いけだ,よしたか,,,,,,
31,池畑,浩太朗,いけはた,こうたろう,,,,,,
32,伊佐,進一,いさ,しんいち,,,,,,
33,井坂,信彦,いさか,のぶひこ,,,,,,
34,石井,啓一,いしい,けいいち,,,,,,
35,石井,拓,いしい,たく,,,,,,
36,石川,昭政,いしかわ,あきまさ,,,,,,
37,石川,香織,いしかわ,かおり,,,,,,
38,石田,真敏,いしだ,まさとし,,,,,,
39,石破,茂,いしば,しげる,,,,,,
40,石橋,林太郎,いしばし,りんたろう,,,,,,
41,石原,宏高,いしはら,ひろたか,,,,,,
42,石原,正敬,いしはら,まさたか,,,,,,
43,泉,健太,いずみ,けんた,,,,,,
44,泉田,裕彦,いずみだ,ひろひこ,,,,,,
45,一谷,勇一郎,いちたに,ゆういちろう,,,,,,
46,市村,浩一郎,いちむら,こういちろう,,,,,,
47,井出,庸生,いで,ようせい,,,,,,
48,伊藤,俊輔,いとう,しゅんすけ,,,,,,
49,伊藤,信太郎,いとう,しんたろう,,,,,,
50,伊藤,忠彦,いとう,ただひこ,,,,,,
51,伊藤,達也,いとう,たつや,,,,,,
52,伊東,信久,いとう,のぶひさ,,,,,,
53,伊東,良孝,いとう,よしたか,,,,,,
54,伊藤,渉,いとう,わたる,,,,,,
55,稲田,朋美,いなだ,ともみ,,,,,,
56,稲津,久,いなつ,ひさし,,,,,,
57,稲富,修二,いなとみ,しゅうじ,,,,,,
58,井野,俊郎,いの,としろう,,,,,,
59,井上,信治,いのうえ,しんじ,,,,,,
60,井上,貴博,いのうえ,たかひろ,,,,,,
61,井上,英孝,いのうえ,ひでたか,,,,,,
62,井林,辰憲,いばやし,たつのり,,,,,,
63,井原,巧,いはら,たくみ,,,,,,
64,今枝,宗一郎,いまえだ,そういちろう,,,,,,
65,今村,雅弘,いまむら,まさひろ,,,,,,
66,岩田,和親,いわた,かずちか,,,,,,
67,岩谷,良平,いわたに,りょうへい,,,,,,
68,岩屋,毅,いわや,たけし,,,,,,
69,上杉,謙太郎,うえすぎ,けんたろう,,,,,,
70,上田,英俊,うえだ,えいしゅん,,,,,,
71,上野,賢一郎,うえの,けんいちろう,,,,,,
72,浮島,智子,うきしま,ともこ,,,,,,
73,梅谷,守,うめたに,まもる,,,,,,
74,浦野,靖人,うらの,やすと,,,,,,
75,漆間,譲司,うるま,じょうじ,,,,,,
76,江崎,鐵磨,えさき,てつま,,,,,,
77,江田,憲司,えだ,けんじ,,,,,,
78,枝野,幸男,えだの,ゆきお,,,,,,
79,江渡,聡徳,えと,あきのり,,,,,,
80,衛藤,征士郎,えとう,せいしろう,,,,,,
81,江藤,拓,えとう,たく,,,,,,
82,遠藤,敬,えんどう,たかし,,,,,,
83,遠藤,利明,えんどう,としあき,,,,,,
84,遠藤,良太,えんどう,りょうた,,,,,,
85,大石,あきこ,おおいし,あきこ,,,,,,
86,大岡,敏孝,おおおか,としたか,,,,,,
87,大河原,まさこ,おおかわら,まさこ,,,,,,
88,大串,博志,おおぐし,ひろし,,,,,,
89,大串,正樹,おおぐし,まさき,,,,,,
90,大口,善徳,おおぐち,よしのり,,,,,,
91,逢坂,誠二,おおさか,せいじ,,,,,,
92,大島,敦,おおしま,あつし,,,,,,
93,大塚,拓,おおつか,たく,,,,,,
94,おおつき,紅葉,おおつき,くれは,,,,,,
95,大西,健介,おおにし,けんすけ,,,,,,
96,大西,英男,おおにし,ひでお,,,,,,
97,大野,敬太郎,おおの,けいたろう,,,,,,
98,岡田,克也,おかだ,かつや,,,,,,
99,緒方,林太郎,おがた,りんたろう,,,,,,
100,岡本,あき子,おかもと,あきこ,,,,,,
101,岡本,三成,おかもと,みつなり,,,,,,
102,小川,淳也,おがわ,じゅんや,,,,,,
103,奥下,剛光,おくした,たけみつ,,,,,,
104,奥野,信亮,おくの,しんすけ,,,,,,
105,奥野,総一郎,おくの,そういちろう,,,,,,
106,小熊,慎司,おぐま,しんじ,,,,,,
107,小倉,將信,おぐら,まさのぶ,,,,,,
108,尾崎,正直,おざき,まさなお,,,,,,
109,小里,泰弘,おざと,やすひろ,,,,,,
110,小沢,一郎,おざわ,いちろう,,,,,,
111,小田原,潔,おだわら,きよし,,,,,,
112,越智,隆雄,おち,たかお,,,,,,
113,落合,貴之,おちあい,たかゆき,,,,,,
114,鬼木,誠,おにき,まこと,,,,,,
115,小野,泰輔,おの,たいすけ,,,,,,
116,小野寺,五典,おのでら,いつのり,,,,,,
117,小渕,優子,おぶち,ゆうこ,,,,,,
118,尾身,朝子,おみ,あさこ,,,,,,
119,海江田,万里,かいえだ,ばんり,,,,,,
120,柿沢,未途,かきざわ,みと,,,,,,
121,笠井,亮,かさい,あきら,,,,,,
122,河西,宏一,かさい,こういち,,,,,,
123,梶山,弘志,かじやま,ひろし,,,,,,
124,勝俣,孝明,かつまた,たかあき,,,,,,
125,勝目,康,かつめ,やすし,,,,,,
126,加藤,鮎子,かとう,あゆこ,,,,,,
127,加藤,勝信,かとう,かつのぶ,,,,,,
128,加藤,竜祥,かとう,りゅうしょう,,,,,,
129,門山,宏哲,かどやま,ひろあき,,,,,,
130,金子,恵美,かねこ,えみ,,,,,,
131,金子,俊平,かねこ,しゅんぺい,,,,,,
132,金子,恭之,かねこ,やすし,,,,,,
133,金田,勝年,かねだ,かつとし,,,,,,
134,金村,龍那,かねむら,りゅうな,,,,,,
135,鎌田,さゆり,かまた,さゆり,,,,,,
136,上川,陽子,かみかわ,ようこ,,,,,,
137,神谷,裕,かみや,ひろし,,,,,,
138,亀岡,偉民,かめおか,よしたみ,,,,,,
139,川崎,ひでと,かわさき,ひでと,,,,,,
140,菅,直人,かん,なおと,,,,,,
141,菅家,一郎,かんけ,いちろう,,,,,,
142,神田,憲次,かんだ,けんじ,,,,,,
143,神田,潤一,かんだ,じゅんいち,,,,,,
144,城井,崇,きい,たかし,,,,,,
145,城内,実,きうち,みのる,,,,,,
146,黄川田,仁志,きかわだ,ひとし,,,,,,
147,菊田,真紀子,きくた,まきこ,,,,,,
148,岸,信夫,きし,のぶお,,,,,,
149,岸田,文雄,きしだ,ふみお,,,,,,
150,岸本,周平,きしもと,しゅうへい,,,,,,
151,北神,圭朗,きたがみ,けいろう,,,,,,
152,北側,一雄,きたがわ,かずお,,,,,,
153,北村,誠吾,きたむら,せいご,,,,,,
154,木原,誠二,きはら,せいじ,,,,,,
155,木原,稔,きはら,みのる,,,,,,
156,木村,次郎,きむら,じろう,,,,,,
157,吉良,州司,きら,しゅうじ,,,,,,
158,金城,泰邦,きんじょう,やすくに,,,,,,
159,日下,正喜,くさか,まさき,,,,,,
160,工藤,彰三,くどう,しょうぞう,,,,,,
161,国定,勇人,くにさだ,いさと,,,,,,
162,國重,徹,くにしげ,とおる,,,,,,
163,国光,あやの,くにみつ,あやの,,,,,,
164,熊田,裕通,くまだ,ひろみち,,,,,,
165,玄葉,光一郎,げんば,こういちろう,,,,,,
166,源馬,謙太郎,げんま,けんたろう,,,,,,
167,小泉,進次郎,こいずみ,しんじろう,,,,,,
168,小泉,龍司,こいずみ,りゅうじ,,,,,,
169,神津,たけし,こうづ,たけし,,,,,,
170,河野,太郎,こうの,たろう,,,,,,
171,高村,正大,こうむら,まさひろ,,,,,,
172,古賀,篤,こが,あつし,,,,,,
173,穀田,恵二,こくた,けいじ,,,,,,
174,國場,幸之助,こくば,こうのすけ,,,,,,
175,小島,敏文,こじま,としふみ,,,,,,
176,輿水,恵一,こしみず,けいいち,,,,,,
177,小寺,裕雄,こてら,ひろお,,,,,,
178,後藤,茂之,ごとう,しげゆき,,,,,,
179,後藤,祐一,ごとう,ゆういち,,,,,,
180,後藤田,正純,ごとうだ,まさずみ,,,,,,
181,小林,茂樹,こばやし,しげき,,,,,,
182,小林,鷹之,こばやし,たかゆき,,,,,,
183,小林,史明,こばやし,ふみあき,,,,,,
184,小宮山,泰子,こみやま,やすこ,,,,,,
185,小森,卓郎,こもり,たくお,,,,,,
186,小山,展弘,こやま,のぶひろ,,,,,,
187,近藤,和也,こんどう,かずや,,,,,,
188,近藤,昭一,こんどう,しょういち,,,,,,
189,斎藤,アレックス,さいとう,あれっくす,,,,,,
190,齋藤,健,さいとう,けん,,,,,,
191,斉藤,鉄夫,さいとう,てつお,,,,,,
192,斎藤,洋明,さいとう,ひろあき,,,,,,
193,坂井,学,さかい,まなぶ,,,,,,
194,坂本,哲志,さかもと,てつし,,,,,,
195,坂本,祐之輔,さかもと,ゆうのすけ,,,,,,
196,櫻井,周,さくらい,しゅう,,,,,,
197,櫻田,義孝,さくらだ,よしたか,,,,,,
198,笹川,博義,ささがわ,ひろよし,,,,,,
199,佐々木,紀,ささき,はじめ,,,,,,
200,佐藤,公治,さとう,こうじ,,,,,,
201,佐藤,茂樹,さとう,しげき,,,,,,
202,佐藤,勉,さとう,つとむ,,,,,,
203,佐藤,英道,さとう,ひでみち,,,,,,
204,沢田,良,さわだ,りょう,,,,,,
205,志位,和夫,しい,かずお,,,,,,
206,塩川,鉄也,しおかわ,てつや,,,,,,
207,塩崎,彰久,しおざき,あきひさ,,,,,,
208,塩谷,立,しおのや,りゅう,,,,,,
209,重徳,和彦,しげとく,かずひこ,,,,,,
210,階,猛,しな,たけし,,,,,,
211,篠原,豪,しのはら,ごう,,,,,,
212,篠原,孝,しのはら,たかし,,,,,,
213,柴山,昌彦,しばやま,まさひこ,,,,,,
214,島尻,安伊子,しまじり,あいこ,,,,,,
215,下条,みつ,しもじょう,みつ,,,,,,
216,下村,博文,しもむら,はくぶん,,,,,,
217,庄子,賢一,しょうじ,けんいち,,,,,,
218,白石,洋一,しらいし,よういち,,,,,,
219,新谷,正義,しんたに,まさよし,,,,,,
220,新藤,義孝,しんどう,よしたか,,,,,,
221,末次,精一,すえつぐ,せいいち,,,,,,
222,末松,義規,すえまつ,よしのり,,,,,,
223,菅,義偉,すが,よしひで,,,,,,
224,杉田,水脈,すぎた,みお,,,,,,
225,杉本,和巳,すぎもと,かずみ,,,,,,
226,鈴木,敦,すずき,あつし,,,,,,
227,鈴木,英敬,すずき,えいけい,,,,,,
228,鈴木,馨祐,すずき,けいすけ,,,,,,
229,鈴木,俊一,すずき,しゅんいち,,,,,,
230,鈴木,淳司,すずき,じゅんじ,,,,,,
231,鈴木,貴子,すずき,たかこ,,,,,,
232,鈴木,憲和,すずき,のりかず,,,,,,
233,鈴木,隼人,すずき,はやと,,,,,,
234,鈴木,庸介,すずき,ようすけ,,,,,,
235,鈴木,義弘,すずき,よしひろ,,,,,,
236,住吉,寛紀,すみよし,ひろき,,,,,,
237,関,芳弘,せき,よしひろ,,,,,,
238,薗浦,健太郎,そのうら,けんたろう,,,,,,
239,空本,誠喜,そらもと,せいき,,,,,,
240,平,将明,たいら,まさあき,,,,,,
241,高市,早苗,たかいち,さなえ,,,,,,
242,高階,恵美子,たかがい,えみこ,,,,,,
243,高木,啓,たかぎ,けい,,,,,,
244,高木,毅,たかぎ,つよし,,,,,,
245,高木,宏壽,たかぎ,ひろひさ,,,,,,
246,高木,陽介,たかぎ,ようすけ,,,,,,
247,高鳥,修一,たかとり,しゅういち,,,,,,
248,高橋,千鶴子,たかはし,ちづこ,,,,,,
249,高橋,英明,たかはし,ひであき,,,,,,
250,高見,康裕,たかみ,やすひろ,,,,,,
251,たがや,亮,たがや,りょう,,,,,,
252,武井,俊輔,たけい,しゅんすけ,,,,,,
253,竹内,譲,たけうち,ゆずる,,,,,,
254,武田,良太,たけだ,りょうた,,,,,,
255,武部,新,たけべ,あらた,,,,,,
256,武村,展英,たけむら,のぶひで,,,,,,
257,田嶋,要,たじま,かなめ,,,,,,
258,橘,慶一郎,たちばな,けいいちろう,,,,,,
259,田所,嘉徳,たどころ,よしのり,,,,,,
260,田中,和徳,たなか,かずのり,,,,,,
261,田中,健,たなか,けん,,,,,,
262,田中,英之,たなか,ひでゆき,,,,,,
263,田中,良生,たなか,りょうせい,,,,,,
264,棚橋,泰文,たなはし,やすふみ,,,,,,
265,谷,公一,たに,こういち,,,,,,
266,谷川,とむ,たにがわ,とむ,,,,,,
267,谷川,弥一,たにがわ,やいち,,,,,,
268,田野瀬,太道,たのせ,たいどう,,,,,,
269,田畑,裕明,たばた,ひろあき,,,,,,
270,玉木,雄一郎,たまき,ゆういちろう,,,,,,
271,田村,貴昭,たむら,たかあき,,,,,,
272,田村,憲久,たむら,のりひさ,,,,,,
273,塚田,一郎,つかだ,いちろう,,,,,,
274,辻,清人,つじ,きよと,,,,,,
275,津島,淳,つしま,じゅん,,,,,,
276,土田,慎,つちだ,しん,,,,,,
277,土屋,品子,つちや,しなこ,,,,,,
278,堤,かなめ,つつみ,かなめ,,,,,,
279,角田,秀穂,つのだ,ひでお,,,,,,
280,手塚,仁雄,てづか,よしお,,,,,,
281,寺田,学,てらた,まなぶ,,,,,,
282,寺田,稔,てらだ,みのる,,,,,,
283,土井,亨,どい,とおる,,,,,,
284,渡海,紀三朗,とかい,きさぶろう,,,,,,
285,冨樫,博之,とがし,ひろゆき,,,,,,
286,徳永,久志,とくなが,ひさし,,,,,,
287,永岡,桂子,ながおか,けいこ,,,,,,
288,中川,貴元,なかがわ,たかもと,,,,,,
289,中川,宏昌,なかがわ,ひろまさ,,,,,,
290,中川,正春,なかがわ,まさはる,,,,,,
291,中川,康洋,なかがわ,やすひろ,,,,,,
292,中川,郁子,なかがわ,ゆうこ,,,,,,
293,長坂,康正,ながさか,やすまさ,,,,,,
294,長島,昭久,ながしま,あきひさ,,,,,,
295,中島,克仁,なかじま,かつひと,,,,,,
296,中曽根,康隆,なかそね,やすたか,,,,,,
297,中谷,一馬,なかたに,かずま,,,,,,
298,中谷,元,なかたに,げん,,,,,,
299,中谷,真一,なかたに,しんいち,,,,,,
300,中司,宏,なかつか,ひろし,,,,,,
301,長妻,昭,ながつま,あきら,,,,,,
302,長友,慎治,ながとも,しんじ,,,,,,
303,中西,健治,なかにし,けんじ,,,,,,
304,中根,一幸,なかね,かずゆき,,,,,,
305,中野,英幸,なかの,ひでゆき,,,,,,
306,中野,洋昌,なかの,ひろまさ,,,,,,
307,中村,喜四郎,なかむら,きしろう,,,,,,
308,中村,裕之,なかむら,ひろゆき,,,,,,
309,中山,展宏,なかやま,のりひろ,,,,,,
310,二階,俊博,にかい,としひろ,,,,,,
311,仁木,博文,にき,ひろぶみ,,,,,,
312,西岡,秀子,にしおか,ひでこ,,,,,,
313,西田,昭二,にしだ,しょうじ,,,,,,
314,西野,太亮,にしの,だいすけ,,,,,,
315,西村,明宏,にしむら,あきひろ,,,,,,
316,西村,智奈美,にしむら,ちなみ,,,,,,
317,西村,康稔,にしむら,やすとし,,,,,,
318,西銘,恒三郎,にしめ,こうさぶろう,,,,,,
319,丹羽,秀樹,にわ,ひでき,,,,,,
320,額賀,福志郎,ぬかが,ふくしろう,,,,,,
321,根本,匠,ねもと,たくみ,,,,,,
322,根本,幸典,ねもと,ゆきのり,,,,,,
323,野田,聖子,のだ,せいこ,,,,,,
324,野田,佳彦,のだ,よしひこ,,,,,,
325,野中,厚,のなか,あつし,,,,,,
326,野間,健,のま,たけし,,,,,,
327,萩生田,光一,はぎうだ,こういち,,,,,,
328,橋本,岳,はしもと,がく,,,,,,
329,長谷川,淳二,はせがわ,じゅんじ,,,,,,
330,鳩山,二郎,はとやま,じろう,,,,,,
331,葉梨,康弘,はなし,やすひろ,,,,,,
332,馬場,伸幸,ばば,のぶゆき,,,,,,
333,馬場,雄基,ばば,ゆうき,,,,,,
334,浜田,靖一,はまだ,やすかず,,,,,,
335,浜地,雅一,はまち,まさかず,,,,,,
336,早坂,敦,はやさか,あつし,,,,,,
337,林,幹雄,はやし,もとお,,,,,,
338,林,芳正,はやし,よしまさ,,,,,,
339,原口,一博,はらぐち,かずひろ,,,,,,
340,伴野,豊,ばんの,ゆたか,,,,,,
341,平井,卓也,ひらい,たくや,,,,,,
342,平口,洋,ひらぐち,ひろし,,,,,,
343,平沢,勝栄,ひらさわ,かつえい,,,,,,
344,平沼,正二郎,ひらぬま,しょうじろう,,,,,,
345,平林,晃,ひらばやし,あきら,,,,,,
346,深澤,陽一,ふかざわ,よういち,,,,,,
347,福重,隆浩,ふくしげ,たかひろ,,,,,,
348,福島,伸享,ふくしま,のぶゆき,,,,,,
349,福田,昭夫,ふくだ,あきお,,,,,,
350,福田,達夫,ふくだ,たつお,,,,,,
351,藤井,比早之,ふじい,ひさゆき,,,,,,
352,藤岡,隆雄,ふじおか,たかお,,,,,,
353,藤田,文武,ふじた,ふみたけ,,,,,,
354,藤巻,健太,ふじまき,けんた,,,,,,
355,藤丸,敏,ふじまる,さとし,,,,,,
356,藤原,崇,ふじわら,たかし,,,,,,
357,太,栄志,ふとり,ひでし,,,,,,
358,船田,元,ふなだ,はじめ,,,,,,
359,古川,直季,ふるかわ,なおき,,,,,,
360,古川,元久,ふるかわ,もとひさ,,,,,,
361,古川,康,ふるかわ,やすし,,,,,,
362,古川,禎久,ふるかわ,よしひさ,,,,,,
363,古屋,圭司,ふるや,けいじ,,,,,,
364,古屋,範子,ふるや,のりこ,,,,,,
365,穂坂,泰,ほさか,やすし,,,,,,
366,星野,剛士,ほしの,つよし,,,,,,
367,細田,健一,ほそだ,けんいち,,,,,,
368,細田,博之,ほそだ,ひろゆき,,,,,,
369,細野,豪志,ほその,ごうし,,,,,,
370,掘井,健智,ほりい,けんじ,,,,,,
371,堀井,学,ほりい,まなぶ,,,,,,
372,堀内,詔子,ほりうち,のりこ,,,,,,
373,堀場,幸子,ほりば,さちこ,,,,,,
374,本庄,知史,ほんじょう,さとし,,,,,,
375,本田,太郎,ほんだ,たろう,,,,,,
376,前川,清成,まえかわ,きよしげ,,,,,,
377,前原,誠司,まえはら,せいじ,,,,,,
378,牧,義夫,まき,よしお,,,,,,
379,牧島,かれん,まきしま,かれん,,,,,,
380,牧原,秀樹,まきはら,ひでき,,,,,,
381,松木,けんこう,まつき,けんこう,,,,,,
382,松島,みどり,まつしま,みどり,,,,,,
383,松野,博一,まつの,ひろかず,,,,,,
384,松原,仁,まつばら,じん,,,,,,
385,松本,剛明,まつもと,たけあき,,,,,,
386,松本,尚,まつもと,ひさし,,,,,,
387,松本,洋平,まつもと,ようへい,,,,,,
388,馬淵,澄夫,まぶち,すみお,,,,,,
389,三木,圭恵,みき,けえ,,,,,,
390,岬,麻紀,みさき,まき,,,,,,
391,三反園,訓,みたぞの,さとし,,,,,,
392,三谷,英弘,みたに,ひでひろ,,,,,,
393,道下,大樹,みちした,だいき,,,,,,
394,三ッ林,裕巳,みつばやし,ひろみ,,,,,,
395,緑川,貴士,みどりかわ,たかし,,,,,,
396,美延,映夫,みのべ,てるお,,,,,,
397,御法川,信英,みのりかわ,のぶひで,,,,,,
398,宮内,秀樹,みやうち,ひでき,,,,,,
399,宮崎,政久,みやざき,まさひさ,,,,,,
400,宮澤,博行,みやざわ,ひろゆき,,,,,,
401,宮路,拓馬,みやじ,たくま,,,,,,
402,宮下,一郎,みやした,いちろう,,,,,,
403,宮本,岳志,みやもと,たけし,,,,,,
404,宮本,徹,みやもと,とおる,,,,,,
405,務台,俊介,むたい,しゅんすけ,,,,,,
406,武藤,容治,むとう,ようじ,,,,,,
407,宗清,皇一,むねきよ,こういち,,,,,,
408,村井,英樹,むらい,ひでき,,,,,,
409,村上,誠一郎,むらかみ,せいいちろう,,,,,,
410,茂木,敏充,もてぎ,としみつ,,,,,,
411,本村,伸子,もとむら,のぶこ,,,,,,
412,森,英介,もり,えいすけ,,,,,,
413,守島,正,もりしま,ただし,,,,,,
414,森田,俊和,もりた,としかず,,,,,,
415,森山,裕,もりやま,ひろし,,,,,,
416,森山,浩行,もりやま,ひろゆき,,,,,,
417,盛山,正仁,もりやま,まさひと,,,,,,
418,八木,哲也,やぎ,てつや,,,,,,
419,保岡,宏武,やすおか,ひろたけ,,,,,,
420,谷田川,元,やたがわ,はじめ,,,,,,
421,簗,和生,やな,かずお,,,,,,
422,柳本,顕,やなぎもと,あきら,,,,,,
423,山岡,達丸,やまおか,たつまる,,,,,,
424,山岸,一生,やまぎし,いっせい,,,,,,
425,山際,大志郎,やまぎわ,だいしろう,,,,,,
426,山口,俊一,やまぐち,しゅんいち,,,,,,
427,山口,晋,やまぐち,すすむ,,,,,,
428,山口,壯,やまぐち,つよし,,,,,,
429,山崎,誠,やまざき,まこと,,,,,,
430,山崎,正恭,やまさき,まさやす,,,,,,
431,山下,貴司,やました,たかし,,,,,,
432,山田,勝彦,やまだ,かつひこ,,,,,,
433,山田,賢司,やまだ,けんじ,,,,,,
434,山田,美樹,やまだ,みき,,,,,,
435,山井,和則,やまのい,かずのり,,,,,,
436,山本,剛正,やまもと,ごうせい,,,,,,
437,山本,左近,やまもと,さこん,,,,,,
438,山本,太郎,やまもと,たろう,,,,,,
439,山本,ともひろ,やまもと,ともひろ,,,,,,
440,山本,有二,やまもと,ゆうじ,,,,,,
441,柚木,道義,ゆのき,みちよし,,,,,,
442,湯原,俊二,ゆはら,しゅんじ,,,,,,
443,義家,弘介,よしいえ,ひろゆき,,,,,,
444,吉川,赳,よしかわ,たける,,,,,,
445,吉川,元,よしかわ,はじめ,,,,,,
446,吉田,久美子,よしだ,くみこ,,,,,,
447,吉田,統彦,よしだ,つねひこ,,,,,,
448,吉田,とも代,よしだ,ともよ,,,,,,
449,吉田,豊史,よしだ,とよふみ,,,,,,
450,吉田,宣弘,よしだ,のぶひろ,,,,,,
451,吉田,はるみ,よしだ,はるみ,,,,,,
452,吉野,正芳,よしの,まさよし,,,,,,
453,米山,隆一,よねやま,りゅういち,,,,,,
454,笠,浩史,りゅう,ひろふみ,,,,,,
455,若林,健太,わかばやし,けんた,,,,,,
456,若宮,健嗣,わかみや,けんじ,,,,,,
457,鷲尾,英一郎,わしお,えいいちろう,,,,,,
458,早稲田,ゆき,わせだ,ゆき,,,,,,
459,和田,有一朗,わだ,ゆういちろう,,,,,,
460,和田,義明,わだ,よしあき,,,,,,
461,渡辺,孝一,わたなべ,こういち,,,,,,
462,渡辺,周,わたなべ,しゅう,,,,,,
463,渡辺,創,わたなべ,そう,,,,,,
464,渡辺,博道,わたなべ,ひろみち,,,,,,
465,鰐淵,洋子,わにぶち,ようこ,,,,,,
466,安達,澄,あだち,きよし,,,,,,
467,足立,信也,あだち,しんや,,,,,,
468,足立,敏之,あだち,としゆき,,,,,,
469,阿達,雅志,あだち,まさし,,,,,,
470,青木,愛,あおき,あい,,,,,,
471,青木,一彦,あおき,かずひこ,,,,,,
472,青山,繁晴,あおやま,しげはる,,,,,,
473,赤池,誠章,あかいけ,まさあき,,,,,,
474,秋野,公造,あきの,こうぞう,,,,,,
475,浅田,均,あさだ,ひとし,,,,,,
476,朝日,健太郎,あさひ,けんたろう,,,,,,
477,東,徹,あずま,とおる,,,,,,
478,有田,芳生,ありた,よしふ,,,,,,
479,有村,治子,ありむら,はるこ,,,,,,
480,井上,哲士,いのうえ,さとし,,,,,,
481,伊藤,岳,いとう,がく,,,,,,
482,伊藤,孝江,いとう,たかえ,,,,,,
483,伊藤,孝恵,いとう,たかえ,,,,,,
484,伊波,洋一,いは,よういち,,,,,,
485,石井,章,いしい,あきら,,,,,,
486,石井,準一,いしい,じゅんいち,,,,,,
487,石井,浩郎,いしい,ひろお,,,,,,
488,石井,正弘,いしい,まさひろ,,,,,,
489,石井,苗子,いしい,みつこ,,,,,,
490,石垣,のりこ,いしがき,のりこ,,,,,,
491,石川,大我,いしかわ,たいが,,,,,,
492,石川,博崇,いしかわ,ひろたか,,,,,,
493,石田,昌宏,いしだ,まさひろ,,,,,,
494,石橋,通宏,いしばし,みちひろ,,,,,,
495,磯崎,仁彦,いそざき,よしひこ,,,,,,
496,礒崎,哲史,いそざき,てつじ,,,,,,
497,市田,忠義,いちだ,ただよし,,,,,,
498,猪口,邦子,いのぐち,くにこ,,,,,,
499,今井,絵理子,いまい,えりこ,,,,,,
500,岩渕,友,いわぶち,とも,,,,,,
501,岩本,剛人,いわもと,つよひと,,,,,,
502,宇都,隆史,うと,たかし,,,,,,
503,上田,清司,うえだ,きよし,,,,,,
504,上野,通子,うえの,みちこ,,,,,,
505,打越,さく良,うちこし,さくら,,,,,,
506,梅村,聡,うめむら,さとし,,,,,,
507,梅村,みずほ,うめむら,みずほ,,,,,,
508,江崎,孝,えさき,たかし,,,,,,
509,江島,潔,えじま,きよし,,,,,,
510,衛藤,晟一,えとう,せいいち,,,,,,
511,小川,克巳,おがわ,かつみ,,,,,,
512,小川,敏夫,おがわ,としお,,,,,,
513,小沢,雅仁,おざわ,まさひと,,,,,,
514,小沼,巧,おぬま,たくみ,,,,,,
515,小野田,紀美,おのだ,きみ,,,,,,
516,尾辻,秀久,おつじ,ひでひさ,,,,,,
517,大家,敏志,おおいえ,さとし,,,,,,
518,大塚,耕平,おおつか,こうへい,,,,,,
519,大野,泰正,おおの,やすただ,,,,,,
520,太田,房江,おおた,ふさえ,,,,,,
521,岡田,直樹,おかだ,なおき,,,,,,
522,岡田,広,おかだ,ひろし,,,,,,
523,音喜多,駿,おときた,しゅん,,,,,,
524,加田,裕之,かだ,ひろゆき,,,,,,
525,嘉田,由紀子,かだ,ゆきこ,,,,,,
526,片山,さつき,かたやま,さつき,,,,,,
527,片山,大介,かたやま,だいすけ,,,,,,
528,片山,虎之助,かたやま,とらのすけ,,,,,,
529,勝部,賢志,かつべ,けんじ,,,,,,
530,金子,原二郎,かねこ,げんじろう,,,,,,
531,紙,智子,かみ,ともこ,,,,,,
532,川合,孝典,かわい,たかのり,,,,,,
533,川田,龍平,かわだ,りゅうへい,,,,,,
534,河野,義博,かわの,よしひろ,,,,,,
535,木戸口,英司,きどぐち,えいじ,,,,,,
536,木村,英子,きむら,えいこ,,,,,,
537,吉良,よし子,きら,よしこ,,,,,,
538,岸,真紀子,きし,まきこ,,,,,,
539,北村,経夫,きたむら,つねお,,,,,,
540,熊谷,裕人,くまがい,ひろと,,,,,,
541,熊野,正士,くまの,せいし,,,,,,
542,倉林,明子,くらばやし,あきこ,,,,,,
543,郡司,彰,ぐんじ,あきら,,,,,,
544,こやり,隆史,こやり,たかし,,,,,,
545,小池,晃,こいけ,あきら,,,,,,
546,小西,洋之,こにし,ひろゆき,,,,,,
547,小林,正夫,こばやし,まさお,,,,,,
548,古賀,友一郎,こが,ゆういちろう,,,,,,
549,古賀,之士,こが,ゆきひと,,,,,,
550,上月,良祐,こうづき,りょうすけ,,,,,,
551,佐々木,さやか,ささき,さやか,,,,,,
552,佐藤,啓,さとう,けい,,,,,,
553,佐藤,信秋,さとう,のぶあき,,,,,,
554,佐藤,正久,さとう,まさひさ,,,,,,
555,斎藤,嘉隆,さいとう,よしたか,,,,,,
556,酒井,庸行,さかい,やすゆき,,,,,,
557,櫻井,充,さくらい,みつる,,,,,,
558,里見,隆治,さとみ,りゅうじ,,,,,,
559,山東,昭子,さんとう,あきこ,,,,,,
560,清水,貴之,しみず,たかゆき,,,,,,
561,清水,真人,しみず,まさと,,,,,,
562,自見,はなこ,じみ,はなこ,,,,,,
563,塩田,博昭,しおた,ひろあき,,,,,,
564,塩村,あやか,しおむら,あやか,,,,,,
565,芝,博一,しば,ひろかず,,,,,,
566,柴田,巧,しばた,たくみ,,,,,,
567,島村,大,しまむら,だい,,,,,,
568,下野,六太,しもの,ろくた,,,,,,
569,進藤,金日子,しんどう,かねひこ,,,,,,
570,榛葉,賀津也,しんば,かづや,,,,,,
571,須藤,元気,すどう,げんき,,,,,,
572,末松,信介,すえまつ,しんすけ,,,,,,
573,杉,久武,すぎ,ひさたけ,,,,,,
574,杉尾,秀哉,すぎお,ひでや,,,,,,
575,鈴木,宗男,すずき,むねお,,,,,,
576,世耕,弘成,せこう,ひろしげ,,,,,,
577,関口,昌一,せきぐち,まさかず,,,,,,
578,そのだ,修光,そのだ,しゅうこう,,,,,,
579,田島,麻衣子,たじま,まいこ,,,,,,
580,田名部,匡代,たなぶ,まさよ,,,,,,
581,田村,智子,たむら,ともこ,,,,,,
582,田村,まみ,たむら,まみ,,,,,,
583,大門,実紀史,だいもん,みきし,,,,,,
584,高木,かおり,たかぎ,かおり,,,,,,
585,高瀬,弘美,たかせ,ひろみ,,,,,,
586,高野,光二郎,たかの,こうじろう,,,,,,
587,高橋,克法,たかはし,かつのり,,,,,,
588,高橋,はるみ,たかはし,はるみ,,,,,,
589,高橋,光男,たかはし,みつお,,,,,,
590,高良,鉄美,たから,てつみ,,,,,,
591,滝沢,求,たきさわ,もとめ,,,,,,
592,滝波,宏文,たきなみ,ひろふみ,,,,,,
593,竹内,功,たけうち,いさお,,,,,,
594,竹内,真二,たけうち,しんじ,,,,,,
595,竹谷,とし子,たけや,としこ,,,,,,
596,武田,良介,たけだ,りょうすけ,,,,,,
597,武見,敬三,たけみ,けいぞう,,,,,,
598,谷合,正明,たにあい,まさあき,,,,,,
599,柘植,芳文,つげ,よしふみ,,,,,,
600,鶴保,庸介,つるほ,ようすけ,,,,,,
601,寺田,静,てらた,しずか,,,,,,
602,堂故,茂,どうこ,しげる,,,,,,
603,徳茂,雅之,とくしげ,まさゆき,,,,,,
604,徳永,エリ,とくなが,えり,,,,,,
605,豊田,俊郎,とよだ,としろう,,,,,,
606,ながえ,孝子,ながえ,たかこ,,,,,,
607,那谷屋,正義,なたにや,まさよし,,,,,,
608,中川,雅治,なかがわ,まさはる,,,,,,
609,中曽根,弘文,なかそね,ひろふみ,,,,,,
610,中西,哲,なかにし,さとし,,,,,,
611,中西,祐介,なかにし,ゆうすけ,,,,,,
612,長浜,博行,ながはま,ひろゆき,,,,,,
613,長峯,誠,ながみね,まこと,,,,,,
614,難波,奨二,なんば,しょうじ,,,,,,
615,二之湯,智,にのゆ,さとし,,,,,,
616,新妻,秀規,にいづま,ひでき,,,,,,
617,西田,昌司,にしだ,しょうじ,,,,,,
618,西田,実仁,にしだ,まこと,,,,,,
619,野上,浩太郎,のがみ,こうたろう,,,,,,
620,野田,国義,のだ,くによし,,,,,,
621,野村,哲郎,のむら,てつろう,,,,,,
622,羽田,次郎,はた,じろう,,,,,,
623,羽生田,俊,はにゅうだ,たかし,,,,,,
624,芳賀,道也,はが,みちや,,,,,,
625,長谷川,岳,はせがわ,がく,,,,,,
626,馬場,成志,ばば,せいし,,,,,,
627,白,眞勲,はく,しんくん,,,,,,
628,橋本,聖子,はしもと,せいこ,,,,,,
629,鉢呂,吉雄,はちろ,よしお,,,,,,
630,浜口,誠,はまぐち,まこと,,,,,,
631,浜田,聡,はまだ,さとし,,,,,,
632,浜田,昌良,はまだ,まさよし,,,,,,
633,浜野,喜史,はまの,よしふみ,,,,,,
634,比嘉,奈津美,ひが,なつみ,,,,,,
635,平木,大作,ひらき,だいさく,,,,,,
636,平山,佐知子,ひらやま,さちこ,,,,,,
637,福岡,資麿,ふくおか,たかまろ,,,,,,
638,福島,みずほ,ふくしま,みずほ,,,,,,
639,福山,哲郎,ふくやま,てつろう,,,,,,
640,藤井,基之,ふじい,もとゆき,,,,,,
641,藤川,政人,ふじかわ,まさひと,,,,,,
642,藤木,眞也,ふじき,しんや,,,,,,
643,藤末,健三,ふじすえ,けんぞう,,,,,,
644,舟山,康江,ふなやま,やすえ,,,,,,
645,舩後,靖彦,ふなご,やすひこ,,,,,,
646,古川,俊治,ふるかわ,としはる,,,,,,
647,堀井,巌,ほりい,いわお,,,,,,
648,本田,顕子,ほんだ,あきこ,,,,,,
649,真山,勇一,まやま,ゆういち,,,,,,
650,舞立,昇治,まいたち,しょうじ,,,,,,
651,牧野,たかお,まきの,たかお,,,,,,
652,牧山,ひろえ,まきやま,ひろえ,,,,,,
653,増子,輝彦,ましこ,てるひこ,,,,,,
654,松川,るい,まつかわ,るい,,,,,,
655,松下,新平,まつした,しんぺい,,,,,,
656,松村,祥史,まつむら,よしふみ,,,,,,
657,松山,政司,まつやま,まさじ,,,,,,
658,丸川,珠代,まるかわ,たまよ,,,,,,
659,三浦,信祐,みうら,のぶひろ,,,,,,
660,三浦,靖,みうら,やすし,,,,,,
661,三木,亨,みき,とおる,,,,,,
662,三原,じゅん子,みはら,じゅんこ,,,,,,
663,三宅,伸吾,みやけ,しんご,,,,,,
664,水岡,俊一,みずおか,しゅんいち,,,,,,
665,水落,敏栄,みずおち,としえい,,,,,,
666,宮口,治子,みやぐち,はるこ,,,,,,
667,宮崎,雅夫,みやざき,まさお,,,,,,
668,宮崎,勝,みやざき,まさる,,,,,,
669,宮沢,由佳,みやざわ,ゆか,,,,,,
670,宮沢,洋一,みやざわ,よういち,,,,,,
671,宮島,喜文,みやじま,よしふみ,,,,,,
672,宮本,周司,みやもと,しゅうじ,,,,,,
673,室井,邦彦,むろい,くにひこ,,,,,,
674,元榮,太一郎,もとえ,たいちろう,,,,,,
675,森,まさこ,もり,まさこ,,,,,,
676,森,ゆうこ,もり,ゆうこ,,,,,,
677,森本,真治,もりもと,しんじ,,,,,,
678,森屋,隆,もりや,たかし,,,,,,
679,森屋,宏,もりや,ひろし,,,,,,
680,矢倉,克夫,やくら,かつお,,,,,,
681,矢田,わか子,やた,わかこ,,,,,,
682,安江,伸夫,やすえ,のぶお,,,,,,
683,柳ヶ瀬,裕文,やながせ,ひろふみ,,,,,,
684,柳田,稔,やなぎだ,みのる,,,,,,
685,山口,那津男,やまぐち,なつお,,,,,,
686,山崎,真之輔,やまざき,しんのすけ,,,,,,
687,山崎,正昭,やまざき,まさあき,,,,,,
688,山下,雄平,やました,ゆうへい,,,,,,
689,山下,芳生,やました,よしき,,,,,,
690,山添,拓,やまぞえ,たく,,,,,,
691,山田,太郎,やまだ,たろう,,,,,,
692,山田,俊男,やまだ,としお,,,,,,
693,山田,宏,やまだ,ひろし,,,,,,
694,山谷,えり子,やまたに,えりこ,,,,,,
695,山本,香苗,やまもと,かなえ,,,,,,
696,山本,順三,やまもと,じゅんぞう,,,,,,
697,山本,博司,やまもと,ひろし,,,,,,
698,横沢,高徳,よこさわ,たかのり,,,,,,
699,横山,信一,よこやま,しんいち,,,,,,
700,吉川,沙織,よしかわ,さおり,,,,,,
701,吉川,ゆうみ,よしかわ,ゆうみ,,,,,,
702,吉田,忠智,よしだ,ただとも,,,,,,
703,蓮舫,,れんほう,,,,,,,
704,和田,政宗,わだ,まさむね,,,,,,
705,若松,謙維,わかまつ,かねしげ,,,,,,
706,渡辺,猛之,わたなべ,たけゆき,,,,,,
707,渡辺,喜美,わたなべ,よしみ,,,,,,